;periodo;fecham;cod_01;PatEf
0;201812;2018-12-01 00:00:00;24;4.10166E+12
1;201812;2018-12-01 00:00:00;20;1.60263E+11
2;201812;2018-12-01 00:00:00;23;86841094436
3;201812;2018-12-01 00:00:00;5;2.07748E+11
4;201812;2018-12-01 00:00:00;10;7.7477E+11
5;201812;2018-12-01 00:00:00;18;4.13E+12
6;201812;2018-12-01 00:00:00;21;2.05456E+11
7;201812;2018-12-01 00:00:00;8;2.67365E+12
8;201812;2018-12-01 00:00:00;17;6.42858E+11
9;201812;2018-12-01 00:00:00;15;4.18521E+12
10;201812;2018-12-01 00:00:00;4;23402293004
11;201812;2018-12-01 00:00:00;22;54507205432
12;201812;2018-12-01 00:00:00;13;7.827E+11
13;201812;2018-12-01 00:00:00;14;2.35198E+11
14;201812;2018-12-01 00:00:00;11;34792185946
15;201812;2018-12-01 00:00:00;6;5.88371E+11
16;201812;2018-12-01 00:00:00;19;3.41584E+12
17;201812;2018-12-01 00:00:00;3;2.79578E+12
18;201812;2018-12-01 00:00:00;16;1.24901E+11
19;201901;2019-01-01 00:00:00;5;2.04662E+11
20;201901;2019-01-01 00:00:00;17;6.49368E+11
21;201901;2019-01-01 00:00:00;4;23378591239
22;201901;2019-01-01 00:00:00;18;4.13145E+12
23;201901;2019-01-01 00:00:00;3;2.79383E+12
24;201901;2019-01-01 00:00:00;8;2.67902E+12
25;201901;2019-01-01 00:00:00;21;2.08149E+11
26;201901;2019-01-01 00:00:00;11;33977107531
27;201901;2019-01-01 00:00:00;24;4.1158E+12
28;201901;2019-01-01 00:00:00;16;1.24546E+11
29;201901;2019-01-01 00:00:00;22;53765818436
30;201901;2019-01-01 00:00:00;10;7.81743E+11
31;201901;2019-01-01 00:00:00;6;6.00193E+11
32;201901;2019-01-01 00:00:00;20;2.32833E+11
33;201901;2019-01-01 00:00:00;23;88590964038
34;201901;2019-01-01 00:00:00;15;4.18391E+12
35;201901;2019-01-01 00:00:00;13;7.8812E+11
36;201901;2019-01-01 00:00:00;19;3.39783E+12
37;201901;2019-01-01 00:00:00;14;2.35947E+11
38;201902;2019-02-01 00:00:00;3;2.80184E+12
39;201902;2019-02-01 00:00:00;17;6.57358E+11
40;201902;2019-02-01 00:00:00;19;3.40253E+12
41;201902;2019-02-01 00:00:00;8;2.69704E+12
42;201902;2019-02-01 00:00:00;16;1.25021E+11
43;201902;2019-02-01 00:00:00;11;33579107720
44;201902;2019-02-01 00:00:00;22;54537945856
45;201902;2019-02-01 00:00:00;24;4.1494E+12
46;201902;2019-02-01 00:00:00;18;4.14718E+12
47;201902;2019-02-01 00:00:00;10;7.85991E+11
48;201902;2019-02-01 00:00:00;21;2.09063E+11
49;201902;2019-02-01 00:00:00;14;2.36798E+11
50;201902;2019-02-01 00:00:00;6;6.60265E+11
51;201902;2019-02-01 00:00:00;5;2.13012E+11
52;201902;2019-02-01 00:00:00;4;23277935947
53;201902;2019-02-01 00:00:00;20;2.34617E+11
54;201902;2019-02-01 00:00:00;23;88753290624
55;201902;2019-02-01 00:00:00;15;4.21672E+12
56;201902;2019-02-01 00:00:00;13;7.90476E+11
57;201903;2019-03-01 00:00:00;10;7.68615E+11
58;201903;2019-03-01 00:00:00;8;2.68145E+12
59;201903;2019-03-01 00:00:00;24;4.18343E+12
60;201903;2019-03-01 00:00:00;13;7.94266E+11
61;201903;2019-03-01 00:00:00;4;23223889187
62;201903;2019-03-01 00:00:00;19;3.39207E+12
63;201903;2019-03-01 00:00:00;15;4.27914E+12
64;201903;2019-03-01 00:00:00;18;4.11146E+12
65;201903;2019-03-01 00:00:00;21;1.85398E+11
66;201903;2019-03-01 00:00:00;16;1.25037E+11
67;201903;2019-03-01 00:00:00;14;2.38424E+11
68;201903;2019-03-01 00:00:00;3;2.80558E+12
69;201903;2019-03-01 00:00:00;23;91690969139
70;201903;2019-03-01 00:00:00;5;2.14375E+11
71;201903;2019-03-01 00:00:00;17;6.69049E+11
72;201903;2019-03-01 00:00:00;11;33541346149
73;201903;2019-03-01 00:00:00;20;2.3602E+11
74;201903;2019-03-01 00:00:00;6;6.71301E+11
75;201904;2019-04-01 00:00:00;10;7.76187E+11
76;201904;2019-04-01 00:00:00;15;4.29283E+12
77;201904;2019-04-01 00:00:00;19;3.40354E+12
78;201904;2019-04-01 00:00:00;23;92571058068
79;201904;2019-04-01 00:00:00;24;4.01517E+12
80;201904;2019-04-01 00:00:00;11;33319037881
81;201904;2019-04-01 00:00:00;5;2.15391E+11
82;201904;2019-04-01 00:00:00;14;2.39788E+11
83;201904;2019-04-01 00:00:00;16;1.25243E+11
84;201904;2019-04-01 00:00:00;4;23127540712
85;201904;2019-04-01 00:00:00;13;7.98988E+11
86;201904;2019-04-01 00:00:00;8;2.71338E+12
87;201904;2019-04-01 00:00:00;21;1.88058E+11
88;201904;2019-04-01 00:00:00;20;2.39325E+11
89;201904;2019-04-01 00:00:00;17;6.5802E+11
90;201904;2019-04-01 00:00:00;18;4.151E+12
91;201904;2019-04-01 00:00:00;6;6.74206E+11
92;201904;2019-04-01 00:00:00;3;2.81909E+12
93;201905;2019-05-01 00:00:00;14;2.40955E+11
94;201905;2019-05-01 00:00:00;19;3.42749E+12
95;201905;2019-05-01 00:00:00;15;4.35942E+12
96;201905;2019-05-01 00:00:00;3;2.82612E+12
97;201905;2019-05-01 00:00:00;10;7.80321E+11
98;201905;2019-05-01 00:00:00;8;2.70233E+12
99;201905;2019-05-01 00:00:00;4;23028044964
100;201905;2019-05-01 00:00:00;20;2.42871E+11
101;201905;2019-05-01 00:00:00;6;6.72677E+11
102;201905;2019-05-01 00:00:00;16;1.25378E+11
103;201905;2019-05-01 00:00:00;21;1.90131E+11
104;201905;2019-05-01 00:00:00;11;33327324004
105;201905;2019-05-01 00:00:00;13;8.03559E+11
106;201905;2019-05-01 00:00:00;24;4.06728E+12
107;201905;2019-05-01 00:00:00;18;4.16956E+12
108;201905;2019-05-01 00:00:00;23;97384105128
109;201905;2019-05-01 00:00:00;5;2.15451E+11
110;201905;2019-05-01 00:00:00;17;6.7012E+11
111;201906;2019-06-01 00:00:00;10;7.89139E+11
112;201906;2019-06-01 00:00:00;3;2.84755E+12
113;201906;2019-06-01 00:00:00;24;4.13732E+12
114;201906;2019-06-01 00:00:00;6;6.83597E+11
115;201906;2019-06-01 00:00:00;23;1.00723E+11
116;201906;2019-06-01 00:00:00;19;3.45102E+12
117;201906;2019-06-01 00:00:00;16;1.25618E+11
118;201906;2019-06-01 00:00:00;17;6.78386E+11
119;201906;2019-06-01 00:00:00;21;1.91479E+11
120;201906;2019-06-01 00:00:00;11;32987096568
121;201906;2019-06-01 00:00:00;5;2.20848E+11
122;201906;2019-06-01 00:00:00;8;2.70358E+12
123;201906;2019-06-01 00:00:00;18;4.20972E+12
124;201906;2019-06-01 00:00:00;20;2.48254E+11
125;201906;2019-06-01 00:00:00;14;2.44202E+11
126;201906;2019-06-01 00:00:00;4;22704616291
127;201906;2019-06-01 00:00:00;13;8.13806E+11
128;201906;2019-06-01 00:00:00;15;4.33192E+12
129;201907;2019-07-01 00:00:00;23;1.05357E+11
130;201907;2019-07-01 00:00:00;10;7.9511E+11
131;201907;2019-07-01 00:00:00;6;6.91619E+11
132;201907;2019-07-01 00:00:00;18;4.21982E+12
133;201907;2019-07-01 00:00:00;8;2.6919E+12
134;201907;2019-07-01 00:00:00;24;4.16258E+12
135;201907;2019-07-01 00:00:00;21;1.93188E+11
136;201907;2019-07-01 00:00:00;5;2.22022E+11
137;201907;2019-07-01 00:00:00;13;8.14733E+11
138;201907;2019-07-01 00:00:00;20;2.52126E+11
139;201907;2019-07-01 00:00:00;19;3.4864E+12
140;201907;2019-07-01 00:00:00;17;6.86589E+11
141;201907;2019-07-01 00:00:00;3;2.83471E+12
142;201907;2019-07-01 00:00:00;16;1.25381E+11
143;201907;2019-07-01 00:00:00;15;4.28939E+12
144;201907;2019-07-01 00:00:00;4;22557458299
145;201907;2019-07-01 00:00:00;14;2.4536E+11
146;201907;2019-07-01 00:00:00;11;32991450941
147;201908;2019-08-01 00:00:00;24;4.19342E+12
148;201908;2019-08-01 00:00:00;23;1.08449E+11
149;201908;2019-08-01 00:00:00;20;2.55933E+11
150;201908;2019-08-01 00:00:00;8;2.75068E+12
151;201908;2019-08-01 00:00:00;19;3.50088E+12
152;201908;2019-08-01 00:00:00;15;4.34061E+12
153;201908;2019-08-01 00:00:00;21;1.95299E+11
154;201908;2019-08-01 00:00:00;4;22605995918
155;201908;2019-08-01 00:00:00;14;2.50138E+11
156;201908;2019-08-01 00:00:00;5;2.23005E+11
157;201908;2019-08-01 00:00:00;16;1.25677E+11
158;201908;2019-08-01 00:00:00;3;2.82688E+12
159;201908;2019-08-01 00:00:00;18;4.40635E+12
160;201908;2019-08-01 00:00:00;11;32834664715
161;201908;2019-08-01 00:00:00;13;8.17691E+11
162;201908;2019-08-01 00:00:00;17;6.96563E+11
163;201908;2019-08-01 00:00:00;6;6.96321E+11
164;201908;2019-08-01 00:00:00;10;7.99199E+11
165;201909;2019-09-01 00:00:00;4;22552695050
166;201909;2019-09-01 00:00:00;3;2.82482E+12
167;201909;2019-09-01 00:00:00;11;32590839200
168;201909;2019-09-01 00:00:00;24;4.21489E+12
169;201909;2019-09-01 00:00:00;21;1.9756E+11
170;201909;2019-09-01 00:00:00;8;2.73082E+12
171;201909;2019-09-01 00:00:00;23;1.03554E+11
172;201909;2019-09-01 00:00:00;20;2.58495E+11
173;201909;2019-09-01 00:00:00;17;7.04127E+11
174;201909;2019-09-01 00:00:00;10;8.23733E+11
175;201909;2019-09-01 00:00:00;18;4.46006E+12
176;201909;2019-09-01 00:00:00;15;4.34842E+12
177;201909;2019-09-01 00:00:00;13;8.20574E+11
178;201909;2019-09-01 00:00:00;14;2.49153E+11
179;201909;2019-09-01 00:00:00;5;2.41244E+11
180;201909;2019-09-01 00:00:00;19;3.51012E+12
181;201909;2019-09-01 00:00:00;16;1.25567E+11
182;201909;2019-09-01 00:00:00;6;7.00639E+11
183;201910;2019-10-01 00:00:00;14;2.46953E+11
184;201910;2019-10-01 00:00:00;18;4.48324E+12
185;201910;2019-10-01 00:00:00;13;8.22497E+11
186;201910;2019-10-01 00:00:00;17;7.07348E+11
187;201910;2019-10-01 00:00:00;10;8.26934E+11
188;201910;2019-10-01 00:00:00;4;22475464476
189;201910;2019-10-01 00:00:00;8;2.76084E+12
190;201910;2019-10-01 00:00:00;3;2.83059E+12
191;201910;2019-10-01 00:00:00;15;4.4074E+12
192;201910;2019-10-01 00:00:00;5;2.43435E+11
193;201910;2019-10-01 00:00:00;23;99794407741
194;201910;2019-10-01 00:00:00;19;3.49762E+12
195;201910;2019-10-01 00:00:00;21;1.97873E+11
196;201910;2019-10-01 00:00:00;24;4.21329E+12
197;201910;2019-10-01 00:00:00;20;2.63267E+11
198;201910;2019-10-01 00:00:00;16;1.25123E+11
199;201910;2019-10-01 00:00:00;11;32316886171
200;201910;2019-10-01 00:00:00;6;6.96376E+11
201;201911;2019-11-01 00:00:00;13;8.32381E+11
202;201911;2019-11-01 00:00:00;3;2.92744E+12
203;201911;2019-11-01 00:00:00;14;2.50613E+11
204;201911;2019-11-01 00:00:00;18;4.55319E+12
205;201911;2019-11-01 00:00:00;4;23898138697
206;201911;2019-11-01 00:00:00;21;1.99406E+11
207;201911;2019-11-01 00:00:00;5;2.64481E+11
208;201911;2019-11-01 00:00:00;19;3.55026E+12
209;201911;2019-11-01 00:00:00;17;7.1469E+11
210;201911;2019-11-01 00:00:00;10;8.27281E+11
211;201911;2019-11-01 00:00:00;20;2.65609E+11
212;201911;2019-11-01 00:00:00;24;4.24466E+12
213;201911;2019-11-01 00:00:00;6;6.85347E+11
214;201911;2019-11-01 00:00:00;16;1.25436E+11
215;201911;2019-11-01 00:00:00;8;2.7923E+12
216;201911;2019-11-01 00:00:00;23;1.00257E+11
217;201911;2019-11-01 00:00:00;11;31481274758
218;201911;2019-11-01 00:00:00;15;4.55484E+12
219;201912;2019-12-01 00:00:00;20;2.68343E+11
220;201912;2019-12-01 00:00:00;21;1.97147E+11
221;201912;2019-12-01 00:00:00;3;2.91231E+12
222;201912;2019-12-01 00:00:00;10;8.34064E+11
223;201912;2019-12-01 00:00:00;15;4.47457E+12
224;201912;2019-12-01 00:00:00;5;2.69663E+11
225;201912;2019-12-01 00:00:00;8;2.78715E+12
226;201912;2019-12-01 00:00:00;14;2.51647E+11
227;201912;2019-12-01 00:00:00;24;4.3044E+12
228;201912;2019-12-01 00:00:00;17;7.15242E+11
229;201912;2019-12-01 00:00:00;11;31128198360
230;201912;2019-12-01 00:00:00;23;1.02697E+11
231;201912;2019-12-01 00:00:00;16;1.25324E+11
232;201912;2019-12-01 00:00:00;13;8.42548E+11
233;201912;2019-12-01 00:00:00;4;23882345516
234;201912;2019-12-01 00:00:00;18;4.56909E+12
235;201912;2019-12-01 00:00:00;19;3.28057E+12
236;201912;2019-12-01 00:00:00;6;6.9155E+11
237;202001;2020-01-01 00:00:00;23;1.03751E+11
238;202001;2020-01-01 00:00:00;10;8.39478E+11
239;202001;2020-01-01 00:00:00;5;2.71076E+11
240;202001;2020-01-01 00:00:00;21;1.99635E+11
241;202001;2020-01-01 00:00:00;24;4.47087E+12
242;202001;2020-01-01 00:00:00;6;7.25045E+11
243;202001;2020-01-01 00:00:00;8;2.81129E+12
244;202001;2020-01-01 00:00:00;13;8.45721E+11
245;202001;2020-01-01 00:00:00;15;4.61506E+12
246;202001;2020-01-01 00:00:00;17;7.23213E+11
247;202001;2020-01-01 00:00:00;20;2.72848E+11
248;202001;2020-01-01 00:00:00;18;4.61416E+12
249;202001;2020-01-01 00:00:00;14;2.54739E+11
250;202001;2020-01-01 00:00:00;16;1.25176E+11
251;202001;2020-01-01 00:00:00;11;30846962068
252;202001;2020-01-01 00:00:00;4;23769180235
253;202001;2020-01-01 00:00:00;3;3.12911E+12
254;202001;2020-01-01 00:00:00;19;3.28875E+12
255;202002;2020-02-01 00:00:00;17;7.29287E+11
256;202002;2020-02-01 00:00:00;4;23678680804
257;202002;2020-02-01 00:00:00;10;8.41439E+11
258;202002;2020-02-01 00:00:00;15;4.68747E+12
259;202002;2020-02-01 00:00:00;20;3.25591E+11
260;202002;2020-02-01 00:00:00;13;8.49448E+11
261;202002;2020-02-01 00:00:00;14;2.59658E+11
262;202002;2020-02-01 00:00:00;3;3.14059E+12
263;202002;2020-02-01 00:00:00;16;1.25463E+11
264;202002;2020-02-01 00:00:00;11;30448679820
265;202002;2020-02-01 00:00:00;8;2.96225E+12
266;202002;2020-02-01 00:00:00;21;2.0095E+11
267;202002;2020-02-01 00:00:00;23;1.02622E+11
268;202002;2020-02-01 00:00:00;19;3.28393E+12
269;202002;2020-02-01 00:00:00;6;7.1546E+11
270;202002;2020-02-01 00:00:00;18;4.66934E+12
271;202002;2020-02-01 00:00:00;5;2.69985E+11
272;202002;2020-02-01 00:00:00;24;4.49694E+12
273;202003;2020-03-01 00:00:00;3;3.11109E+12
274;202003;2020-03-01 00:00:00;15;4.68095E+12
275;202003;2020-03-01 00:00:00;8;3.0686E+12
276;202003;2020-03-01 00:00:00;20;3.2528E+11
277;202003;2020-03-01 00:00:00;24;4.5846E+12
278;202003;2020-03-01 00:00:00;19;3.16892E+12
279;202003;2020-03-01 00:00:00;23;1.06569E+11
280;202003;2020-03-01 00:00:00;14;2.55528E+11
281;202003;2020-03-01 00:00:00;4;23745982851
282;202003;2020-03-01 00:00:00;10;8.25812E+11
283;202003;2020-03-01 00:00:00;5;2.74432E+11
284;202003;2020-03-01 00:00:00;16;1.25338E+11
285;202003;2020-03-01 00:00:00;17;7.33589E+11
286;202003;2020-03-01 00:00:00;11;30278491869
287;202003;2020-03-01 00:00:00;6;6.66561E+11
288;202003;2020-03-01 00:00:00;13;8.54509E+11
289;202003;2020-03-01 00:00:00;18;4.58711E+12
290;202003;2020-03-01 00:00:00;21;1.83677E+11
291;202004;2020-04-01 00:00:00;21;1.80288E+11
292;202004;2020-04-01 00:00:00;18;4.68566E+12
293;202004;2020-04-01 00:00:00;8;3.16496E+12
294;202004;2020-04-01 00:00:00;4;23561905562
295;202004;2020-04-01 00:00:00;17;7.41506E+11
296;202004;2020-04-01 00:00:00;23;1.13883E+11
297;202004;2020-04-01 00:00:00;5;3.14544E+11
298;202004;2020-04-01 00:00:00;13;8.69327E+11
299;202004;2020-04-01 00:00:00;15;4.72188E+12
300;202004;2020-04-01 00:00:00;16;1.24938E+11
301;202004;2020-04-01 00:00:00;24;4.93829E+12
302;202004;2020-04-01 00:00:00;3;3.12361E+12
303;202004;2020-04-01 00:00:00;20;3.2785E+11
304;202004;2020-04-01 00:00:00;19;3.21116E+12
305;202004;2020-04-01 00:00:00;6;6.78938E+11
306;202004;2020-04-01 00:00:00;14;2.614E+11
307;202004;2020-04-01 00:00:00;11;29971145764
308;202004;2020-04-01 00:00:00;10;8.48685E+11
309;202005;2020-05-01 00:00:00;15;4.79188E+12
310;202005;2020-05-01 00:00:00;14;2.6292E+11
311;202005;2020-05-01 00:00:00;3;3.11732E+12
312;202005;2020-05-01 00:00:00;17;7.52774E+11
313;202005;2020-05-01 00:00:00;20;3.26684E+11
314;202005;2020-05-01 00:00:00;21;1.80607E+11
315;202005;2020-05-01 00:00:00;18;4.78837E+12
316;202005;2020-05-01 00:00:00;24;5.03214E+12
317;202005;2020-05-01 00:00:00;10;8.8234E+11
318;202005;2020-05-01 00:00:00;19;3.25385E+12
319;202005;2020-05-01 00:00:00;23;1.17598E+11
320;202005;2020-05-01 00:00:00;11;29655129880
321;202005;2020-05-01 00:00:00;5;3.08246E+11
322;202005;2020-05-01 00:00:00;16;1.23644E+11
323;202005;2020-05-01 00:00:00;4;23482591781
324;202005;2020-05-01 00:00:00;8;3.13992E+12
325;202005;2020-05-01 00:00:00;6;7.19628E+11
326;202005;2020-05-01 00:00:00;13;8.76739E+11
327;202006;2020-06-01 00:00:00;5;3.09907E+11
328;202006;2020-06-01 00:00:00;19;3.23839E+12
329;202006;2020-06-01 00:00:00;17;7.52464E+11
330;202006;2020-06-01 00:00:00;18;4.81395E+12
331;202006;2020-06-01 00:00:00;21;1.78841E+11
332;202006;2020-06-01 00:00:00;8;3.1325E+12
333;202006;2020-06-01 00:00:00;14;2.69326E+11
334;202006;2020-06-01 00:00:00;4;23639541784
335;202006;2020-06-01 00:00:00;23;1.15793E+11
336;202006;2020-06-01 00:00:00;3;3.1497E+12
337;202006;2020-06-01 00:00:00;13;8.69825E+11
338;202006;2020-06-01 00:00:00;15;5.16159E+12
339;202006;2020-06-01 00:00:00;20;3.28485E+11
340;202006;2020-06-01 00:00:00;10;9.11641E+11
341;202006;2020-06-01 00:00:00;24;5.28021E+12
342;202006;2020-06-01 00:00:00;6;7.28661E+11
343;202006;2020-06-01 00:00:00;16;1.23632E+11
344;202006;2020-06-01 00:00:00;11;29341000499
345;202007;2020-07-01 00:00:00;3;3.1783E+12
346;202007;2020-07-01 00:00:00;15;5.12694E+12
347;202007;2020-07-01 00:00:00;8;3.18991E+12
348;202007;2020-07-01 00:00:00;23;1.16852E+11
349;202007;2020-07-01 00:00:00;5;3.10799E+11
350;202007;2020-07-01 00:00:00;14;2.67599E+11
351;202007;2020-07-01 00:00:00;18;4.83701E+12
352;202007;2020-07-01 00:00:00;13;8.72165E+11
353;202007;2020-07-01 00:00:00;10;9.14549E+11
354;202007;2020-07-01 00:00:00;24;5.39935E+12
355;202007;2020-07-01 00:00:00;6;7.8453E+11
356;202007;2020-07-01 00:00:00;19;3.21101E+12
357;202007;2020-07-01 00:00:00;21;1.79423E+11
358;202007;2020-07-01 00:00:00;20;3.30971E+11
359;202007;2020-07-01 00:00:00;16;1.23856E+11
360;202007;2020-07-01 00:00:00;11;28916597018
361;202007;2020-07-01 00:00:00;17;7.55747E+11
362;202007;2020-07-01 00:00:00;4;23669386960
363;202008;2020-08-01 00:00:00;8;3.08661E+12
364;202008;2020-08-01 00:00:00;18;4.75213E+12
365;202008;2020-08-01 00:00:00;11;28699898000
366;202008;2020-08-01 00:00:00;13;8.78351E+11
367;202008;2020-08-01 00:00:00;6;7.99896E+11
368;202008;2020-08-01 00:00:00;10;9.07775E+11
369;202008;2020-08-01 00:00:00;16;1.23923E+11
370;202008;2020-08-01 00:00:00;14;2.69579E+11
371;202008;2020-08-01 00:00:00;20;3.34333E+11
372;202008;2020-08-01 00:00:00;23;1.18901E+11
373;202008;2020-08-01 00:00:00;15;4.97086E+12
374;202008;2020-08-01 00:00:00;24;5.14769E+12
375;202008;2020-08-01 00:00:00;17;7.90148E+11
376;202008;2020-08-01 00:00:00;3;3.134E+12
377;202008;2020-08-01 00:00:00;5;3.11524E+11
378;202008;2020-08-01 00:00:00;21;1.86143E+11
379;202008;2020-08-01 00:00:00;4;23675240857
380;202008;2020-08-01 00:00:00;19;3.13327E+12
381;202009;2020-09-01 00:00:00;17;7.97909E+11
382;202009;2020-09-01 00:00:00;16;1.24667E+11
383;202009;2020-09-01 00:00:00;8;3.1438E+12
384;202009;2020-09-01 00:00:00;20;3.36532E+11
385;202009;2020-09-01 00:00:00;6;7.97608E+11
386;202009;2020-09-01 00:00:00;5;3.15172E+11
387;202009;2020-09-01 00:00:00;3;3.13461E+12
388;202009;2020-09-01 00:00:00;18;4.69553E+12
389;202009;2020-09-01 00:00:00;13;8.82188E+11
390;202009;2020-09-01 00:00:00;21;1.89989E+11
391;202009;2020-09-01 00:00:00;14;2.7452E+11
392;202009;2020-09-01 00:00:00;23;1.07576E+11
393;202009;2020-09-01 00:00:00;19;3.14873E+12
394;202009;2020-09-01 00:00:00;15;5.0053E+12
395;202009;2020-09-01 00:00:00;10;9.07494E+11
396;202009;2020-09-01 00:00:00;4;23693702475
397;202009;2020-09-01 00:00:00;24;5.15762E+12
398;202009;2020-09-01 00:00:00;11;28360557681
399;202010;2020-10-01 00:00:00;5;3.18293E+11
400;202010;2020-10-01 00:00:00;3;3.13546E+12
401;202010;2020-10-01 00:00:00;15;4.9829E+12
402;202010;2020-10-01 00:00:00;17;8.10697E+11
403;202010;2020-10-01 00:00:00;23;1.09815E+11
404;202010;2020-10-01 00:00:00;13;8.8952E+11
405;202010;2020-10-01 00:00:00;16;1.24921E+11
406;202010;2020-10-01 00:00:00;4;23675573712
407;202010;2020-10-01 00:00:00;20;3.38126E+11
408;202010;2020-10-01 00:00:00;10;9.13383E+11
409;202010;2020-10-01 00:00:00;18;4.76313E+12
410;202010;2020-10-01 00:00:00;24;5.21897E+12
411;202010;2020-10-01 00:00:00;6;8.06739E+11
412;202010;2020-10-01 00:00:00;21;1.96075E+11
413;202010;2020-10-01 00:00:00;14;2.76056E+11
414;202010;2020-10-01 00:00:00;19;3.07221E+12
415;202010;2020-10-01 00:00:00;8;3.16342E+12
416;202010;2020-10-01 00:00:00;11;28311173688
417;202011;2020-11-01 00:00:00;11;27986214151
418;202011;2020-11-01 00:00:00;16;1.22009E+11
419;202011;2020-11-01 00:00:00;19;3.10431E+12
420;202011;2020-11-01 00:00:00;6;8.2639E+11
421;202011;2020-11-01 00:00:00;17;8.22271E+11
422;202011;2020-11-01 00:00:00;24;5.0375E+12
423;202011;2020-11-01 00:00:00;20;3.41269E+11
424;202011;2020-11-01 00:00:00;23;1.09471E+11
425;202011;2020-11-01 00:00:00;21;1.99127E+11
426;202011;2020-11-01 00:00:00;13;8.96064E+11
427;202011;2020-11-01 00:00:00;3;3.15827E+12
428;202011;2020-11-01 00:00:00;18;4.854E+12
429;202011;2020-11-01 00:00:00;8;3.1957E+12
430;202011;2020-11-01 00:00:00;4;23740085073
431;202011;2020-11-01 00:00:00;14;2.78984E+11
432;202011;2020-11-01 00:00:00;10;9.20685E+11
433;202011;2020-11-01 00:00:00;5;3.25093E+11
434;202011;2020-11-01 00:00:00;15;5.04644E+12
435;202012;2020-12-01 00:00:00;14;2.77045E+11
436;202012;2020-12-01 00:00:00;5;3.37406E+11
437;202012;2020-12-01 00:00:00;15;4.97152E+12
438;202012;2020-12-01 00:00:00;20;3.42732E+11
439;202012;2020-12-01 00:00:00;18;4.8785E+12
440;202012;2020-12-01 00:00:00;10;9.26896E+11
441;202012;2020-12-01 00:00:00;11;27425437574
442;202012;2020-12-01 00:00:00;21;2.06963E+11
443;202012;2020-12-01 00:00:00;4;23742602516
444;202012;2020-12-01 00:00:00;8;3.22683E+12
445;202012;2020-12-01 00:00:00;17;8.28323E+11
446;202012;2020-12-01 00:00:00;19;3.04466E+12
447;202012;2020-12-01 00:00:00;6;8.43727E+11
448;202012;2020-12-01 00:00:00;3;3.14392E+12
449;202012;2020-12-01 00:00:00;24;5.14384E+12
450;202012;2020-12-01 00:00:00;16;1.21949E+11
451;202012;2020-12-01 00:00:00;23;1.10596E+11
452;202012;2020-12-01 00:00:00;13;9.00158E+11
453;202101;2021-01-01 00:00:00;3;3.12475E+12
454;202101;2021-01-01 00:00:00;18;4.88577E+12
455;202101;2021-01-01 00:00:00;5;3.35029E+11
456;202101;2021-01-01 00:00:00;4;23687030260
457;202101;2021-01-01 00:00:00;21;2.13301E+11
458;202101;2021-01-01 00:00:00;23;1.11547E+11
459;202101;2021-01-01 00:00:00;15;5.04674E+12
460;202101;2021-01-01 00:00:00;8;3.22907E+12
461;202101;2021-01-01 00:00:00;13;9.07684E+11
462;202101;2021-01-01 00:00:00;24;5.17898E+12
463;202101;2021-01-01 00:00:00;17;8.41095E+11
464;202101;2021-01-01 00:00:00;14;2.81407E+11
465;202101;2021-01-01 00:00:00;11;27213943640
466;202101;2021-01-01 00:00:00;16;1.21947E+11
467;202101;2021-01-01 00:00:00;19;3.06346E+12
468;202101;2021-01-01 00:00:00;6;8.55209E+11
469;202101;2021-01-01 00:00:00;10;9.32253E+11
470;202101;2021-01-01 00:00:00;20;3.47411E+11
471;202102;2021-02-01 00:00:00;5;3.38899E+11
472;202102;2021-02-01 00:00:00;18;4.95677E+12
473;202102;2021-02-01 00:00:00;20;3.53002E+11
474;202102;2021-02-01 00:00:00;4;23645843209
475;202102;2021-02-01 00:00:00;17;8.54441E+11
476;202102;2021-02-01 00:00:00;16;1.22239E+11
477;202102;2021-02-01 00:00:00;21;2.16891E+11
478;202102;2021-02-01 00:00:00;13;9.11182E+11
479;202102;2021-02-01 00:00:00;19;3.03603E+12
480;202102;2021-02-01 00:00:00;23;1.09296E+11
481;202102;2021-02-01 00:00:00;3;3.12812E+12
482;202102;2021-02-01 00:00:00;6;8.56019E+11
483;202102;2021-02-01 00:00:00;15;5.0999E+12
484;202102;2021-02-01 00:00:00;14;2.81261E+11
485;202102;2021-02-01 00:00:00;8;3.28319E+12
486;202102;2021-02-01 00:00:00;11;26929566042
487;202102;2021-02-01 00:00:00;10;9.36509E+11
488;202102;2021-02-01 00:00:00;24;5.16267E+12
489;202103;2021-03-01 00:00:00;18;5.01119E+12
490;202103;2021-03-01 00:00:00;11;26627602813
491;202103;2021-03-01 00:00:00;24;5.16825E+12
492;202103;2021-03-01 00:00:00;19;2.98415E+12
493;202103;2021-03-01 00:00:00;15;5.13263E+12
494;202103;2021-03-01 00:00:00;3;3.13747E+12
495;202103;2021-03-01 00:00:00;16;1.22188E+11
496;202103;2021-03-01 00:00:00;10;9.39691E+11
497;202103;2021-03-01 00:00:00;6;8.4848E+11
498;202103;2021-03-01 00:00:00;21;2.2004E+11
499;202103;2021-03-01 00:00:00;23;1.06669E+11
500;202103;2021-03-01 00:00:00;20;3.56888E+11
501;202103;2021-03-01 00:00:00;4;23609446063
502;202103;2021-03-01 00:00:00;8;3.28016E+12
503;202103;2021-03-01 00:00:00;17;8.62056E+11
504;202103;2021-03-01 00:00:00;14;2.80465E+11
505;202103;2021-03-01 00:00:00;5;3.40677E+11
506;202103;2021-03-01 00:00:00;13;9.13539E+11
507;202104;2021-04-01 00:00:00;20;3.63481E+11
508;202104;2021-04-01 00:00:00;24;5.02841E+12
509;202104;2021-04-01 00:00:00;17;8.99389E+11
510;202104;2021-04-01 00:00:00;8;3.34663E+12
511;202104;2021-04-01 00:00:00;4;23615884090
512;202104;2021-04-01 00:00:00;16;1.22086E+11
513;202104;2021-04-01 00:00:00;6;8.40268E+11
514;202104;2021-04-01 00:00:00;13;9.14114E+11
515;202104;2021-04-01 00:00:00;15;5.15156E+12
516;202104;2021-04-01 00:00:00;10;9.54853E+11
517;202104;2021-04-01 00:00:00;19;2.96191E+12
518;202104;2021-04-01 00:00:00;5;3.47297E+11
519;202104;2021-04-01 00:00:00;3;3.15298E+12
520;202104;2021-04-01 00:00:00;21;2.18766E+11
521;202104;2021-04-01 00:00:00;23;1.01826E+11
522;202104;2021-04-01 00:00:00;11;26287342028
523;202104;2021-04-01 00:00:00;18;5.08937E+12
524;202104;2021-04-01 00:00:00;14;2.83766E+11
525;202105;2021-05-01 00:00:00;23;1.01913E+11
526;202105;2021-05-01 00:00:00;18;5.1249E+12
527;202105;2021-05-01 00:00:00;6;8.32199E+11
528;202105;2021-05-01 00:00:00;4;23906710912
529;202105;2021-05-01 00:00:00;5;3.49669E+11
530;202105;2021-05-01 00:00:00;15;5.23881E+12
531;202105;2021-05-01 00:00:00;20;3.65167E+11
532;202105;2021-05-01 00:00:00;24;5.05077E+12
533;202105;2021-05-01 00:00:00;14;2.87065E+11
534;202105;2021-05-01 00:00:00;13;9.20765E+11
535;202105;2021-05-01 00:00:00;11;25815732320
536;202105;2021-05-01 00:00:00;10;9.57705E+11
537;202105;2021-05-01 00:00:00;21;2.2316E+11
538;202105;2021-05-01 00:00:00;17;9.14541E+11
539;202105;2021-05-01 00:00:00;16;1.22329E+11
540;202105;2021-05-01 00:00:00;3;3.23727E+12
541;202105;2021-05-01 00:00:00;8;3.37249E+12
542;202105;2021-05-01 00:00:00;19;3.01411E+12
543;202106;2021-06-01 00:00:00;19;2.97614E+12
544;202106;2021-06-01 00:00:00;5;3.48446E+11
545;202106;2021-06-01 00:00:00;3;3.27909E+12
546;202106;2021-06-01 00:00:00;23;94514723607
547;202106;2021-06-01 00:00:00;14;2.92223E+11
548;202106;2021-06-01 00:00:00;11;25532648527
549;202106;2021-06-01 00:00:00;21;2.26126E+11
550;202106;2021-06-01 00:00:00;4;23800561383
551;202106;2021-06-01 00:00:00;18;5.16374E+12
552;202106;2021-06-01 00:00:00;20;3.70893E+11
553;202106;2021-06-01 00:00:00;13;9.19124E+11
554;202106;2021-06-01 00:00:00;6;8.08652E+11
555;202106;2021-06-01 00:00:00;8;3.40206E+12
556;202106;2021-06-01 00:00:00;17;9.18973E+11
557;202106;2021-06-01 00:00:00;15;5.19619E+12
558;202106;2021-06-01 00:00:00;16;1.21752E+11
559;202106;2021-06-01 00:00:00;10;9.52054E+11
560;202106;2021-06-01 00:00:00;24;4.97313E+12
561;202107;2021-07-01 00:00:00;10;9.55399E+11
562;202107;2021-07-01 00:00:00;24;5.01358E+12
563;202107;2021-07-01 00:00:00;18;5.18572E+12
564;202107;2021-07-01 00:00:00;16;1.21767E+11
565;202107;2021-07-01 00:00:00;13;9.26999E+11
566;202107;2021-07-01 00:00:00;5;3.47705E+11
567;202107;2021-07-01 00:00:00;23;94721530978
568;202107;2021-07-01 00:00:00;14;2.90538E+11
569;202107;2021-07-01 00:00:00;8;3.42476E+12
570;202107;2021-07-01 00:00:00;17;9.26418E+11
571;202107;2021-07-01 00:00:00;21;2.28882E+11
572;202107;2021-07-01 00:00:00;19;3.00157E+12
573;202107;2021-07-01 00:00:00;15;5.30874E+12
574;202107;2021-07-01 00:00:00;6;8.02761E+11
575;202107;2021-07-01 00:00:00;4;23690241003
576;202107;2021-07-01 00:00:00;20;3.73903E+11
577;202107;2021-07-01 00:00:00;11;25193671744
578;202107;2021-07-01 00:00:00;3;3.2719E+12
579;202108;2021-08-01 00:00:00;23;94896731991
580;202108;2021-08-01 00:00:00;6;8.0436E+11
581;202108;2021-08-01 00:00:00;18;5.25294E+12
582;202108;2021-08-01 00:00:00;19;3.03675E+12
583;202108;2021-08-01 00:00:00;24;4.97591E+12
584;202108;2021-08-01 00:00:00;5;3.48253E+11
585;202108;2021-08-01 00:00:00;21;2.33024E+11
586;202108;2021-08-01 00:00:00;15;5.43648E+12
587;202108;2021-08-01 00:00:00;20;3.80149E+11
588;202108;2021-08-01 00:00:00;16;1.21861E+11
589;202108;2021-08-01 00:00:00;8;3.43125E+12
590;202108;2021-08-01 00:00:00;4;21936633215
591;202108;2021-08-01 00:00:00;3;3.29909E+12
592;202108;2021-08-01 00:00:00;17;9.40167E+11
593;202108;2021-08-01 00:00:00;11;24910076585
594;202108;2021-08-01 00:00:00;13;9.32329E+11
595;202108;2021-08-01 00:00:00;14;2.91985E+11
596;202108;2021-08-01 00:00:00;10;9.5962E+11
597;202109;2021-09-01 00:00:00;21;2.34507E+11
598;202109;2021-09-01 00:00:00;5;3.52375E+11
599;202109;2021-09-01 00:00:00;11;24677414868
600;202109;2021-09-01 00:00:00;3;3.35181E+12
601;202109;2021-09-01 00:00:00;20;3.85124E+11
602;202109;2021-09-01 00:00:00;18;5.29579E+12
603;202109;2021-09-01 00:00:00;19;3.06183E+12
604;202109;2021-09-01 00:00:00;6;7.78154E+11
605;202109;2021-09-01 00:00:00;13;8.99512E+11
606;202109;2021-09-01 00:00:00;10;9.56376E+11
607;202109;2021-09-01 00:00:00;8;3.51784E+12
608;202109;2021-09-01 00:00:00;16;1.21714E+11
609;202109;2021-09-01 00:00:00;14;2.95864E+11
610;202109;2021-09-01 00:00:00;17;9.42136E+11
611;202109;2021-09-01 00:00:00;4;21772830883
612;202109;2021-09-01 00:00:00;23;91105946489
613;202109;2021-09-01 00:00:00;15;5.56591E+12
614;202109;2021-09-01 00:00:00;24;4.9526E+12
615;202110;2021-10-01 00:00:00;3;3.37702E+12
616;202110;2021-10-01 00:00:00;20;3.86565E+11
617;202110;2021-10-01 00:00:00;15;5.49621E+12
618;202110;2021-10-01 00:00:00;14;2.94369E+11
619;202110;2021-10-01 00:00:00;4;21735406398
620;202110;2021-10-01 00:00:00;21;2.37336E+11
621;202110;2021-10-01 00:00:00;13;9.0111E+11
622;202110;2021-10-01 00:00:00;10;9.61164E+11
623;202110;2021-10-01 00:00:00;24;4.90706E+12
624;202110;2021-10-01 00:00:00;11;24457889655
625;202110;2021-10-01 00:00:00;18;5.35014E+12
626;202110;2021-10-01 00:00:00;8;3.47154E+12
627;202110;2021-10-01 00:00:00;19;3.4974E+12
628;202110;2021-10-01 00:00:00;23;91518440472
629;202110;2021-10-01 00:00:00;6;7.60167E+11
630;202110;2021-10-01 00:00:00;5;3.5345E+11
631;202110;2021-10-01 00:00:00;16;1.21946E+11
632;202110;2021-10-01 00:00:00;17;9.51216E+11
633;202111;2021-11-01 00:00:00;5;3.64079E+11
634;202111;2021-11-01 00:00:00;23;94797779466
635;202111;2021-11-01 00:00:00;21;2.3803E+11
636;202111;2021-11-01 00:00:00;18;5.44213E+12
637;202111;2021-11-01 00:00:00;15;5.67686E+12
638;202111;2021-11-01 00:00:00;4;19948693681
639;202111;2021-11-01 00:00:00;3;3.39101E+12
640;202111;2021-11-01 00:00:00;14;2.96988E+11
641;202111;2021-11-01 00:00:00;8;3.57217E+12
642;202111;2021-11-01 00:00:00;13;9.16874E+11
643;202111;2021-11-01 00:00:00;19;3.99212E+12
644;202111;2021-11-01 00:00:00;24;5.11461E+12
645;202111;2021-11-01 00:00:00;17;9.61087E+11
646;202111;2021-11-01 00:00:00;10;9.74054E+11
647;202111;2021-11-01 00:00:00;20;3.92527E+11
648;202111;2021-11-01 00:00:00;6;8.2056E+11
649;202111;2021-11-01 00:00:00;11;24071284977
650;202111;2021-11-01 00:00:00;16;1.22634E+11
651;202112;2021-12-01 00:00:00;14;2.96702E+11
652;202112;2021-12-01 00:00:00;13;9.14148E+11
653;202112;2021-12-01 00:00:00;16;1.23436E+11
654;202112;2021-12-01 00:00:00;8;3.60739E+12
655;202112;2021-12-01 00:00:00;15;5.84748E+12
656;202112;2021-12-01 00:00:00;6;8.28726E+11
657;202112;2021-12-01 00:00:00;19;4.03648E+12
658;202112;2021-12-01 00:00:00;17;9.63306E+11
659;202112;2021-12-01 00:00:00;10;9.82029E+11
660;202112;2021-12-01 00:00:00;18;5.63435E+12
661;202112;2021-12-01 00:00:00;3;3.41125E+12
662;202112;2021-12-01 00:00:00;20;3.94831E+11
663;202112;2021-12-01 00:00:00;5;3.80785E+11
664;202112;2021-12-01 00:00:00;11;23690507422
665;202112;2021-12-01 00:00:00;24;5.77683E+12
666;202112;2021-12-01 00:00:00;23;95263122595
667;202112;2021-12-01 00:00:00;21;2.36328E+11
668;202201;2022-01-01 00:00:00;6;8.97098E+11
669;202201;2022-01-01 00:00:00;18;5.76406E+12
670;202201;2022-01-01 00:00:00;23;93118196953
671;202201;2022-01-01 00:00:00;11;23646670349
672;202201;2022-01-01 00:00:00;20;4.92225E+11
673;202201;2022-01-01 00:00:00;17;9.77711E+11
674;202201;2022-01-01 00:00:00;10;1.03242E+12
675;202201;2022-01-01 00:00:00;21;2.36675E+11
676;202201;2022-01-01 00:00:00;3;3.3973E+12
677;202201;2022-01-01 00:00:00;14;2.9958E+11
678;202201;2022-01-01 00:00:00;13;9.73888E+11
679;202201;2022-01-01 00:00:00;15;5.90465E+12
680;202201;2022-01-01 00:00:00;19;4.10349E+12
681;202201;2022-01-01 00:00:00;24;6.15373E+12
682;202201;2022-01-01 00:00:00;8;3.65231E+12
683;202201;2022-01-01 00:00:00;5;3.82595E+11
684;202201;2022-01-01 00:00:00;16;1.24389E+11
685;202202;2022-02-01 00:00:00;18;5.82738E+12
686;202202;2022-02-01 00:00:00;20;4.95119E+11
687;202202;2022-02-01 00:00:00;23;95156663961
688;202202;2022-02-01 00:00:00;8;3.55627E+12
689;202202;2022-02-01 00:00:00;14;3.06281E+11
690;202202;2022-02-01 00:00:00;11;23377773156
691;202202;2022-02-01 00:00:00;15;5.80486E+12
692;202202;2022-02-01 00:00:00;17;9.84901E+11
693;202202;2022-02-01 00:00:00;24;6.08269E+12
694;202202;2022-02-01 00:00:00;10;1.04044E+12
695;202202;2022-02-01 00:00:00;21;2.40483E+11
696;202202;2022-02-01 00:00:00;6;9.07929E+11
697;202202;2022-02-01 00:00:00;5;3.82289E+11
698;202202;2022-02-01 00:00:00;16;1.25254E+11
699;202202;2022-02-01 00:00:00;3;3.3743E+12
700;202202;2022-02-01 00:00:00;13;9.69442E+11
701;202202;2022-02-01 00:00:00;19;3.79513E+12
702;202203;2022-03-01 00:00:00;8;3.528E+12
703;202203;2022-03-01 00:00:00;16;1.2618E+11
704;202203;2022-03-01 00:00:00;10;1.05327E+12
705;202203;2022-03-01 00:00:00;23;95493879618
706;202203;2022-03-01 00:00:00;13;9.77861E+11
707;202203;2022-03-01 00:00:00;20;5.0487E+11
708;202203;2022-03-01 00:00:00;18;5.69402E+12
709;202203;2022-03-01 00:00:00;14;3.09605E+11
710;202203;2022-03-01 00:00:00;21;2.42255E+11
711;202203;2022-03-01 00:00:00;3;3.38942E+12
712;202203;2022-03-01 00:00:00;15;5.82333E+12
713;202203;2022-03-01 00:00:00;5;3.85648E+11
714;202203;2022-03-01 00:00:00;24;6.13932E+12
715;202203;2022-03-01 00:00:00;6;9.17804E+11
716;202203;2022-03-01 00:00:00;11;23109958911
717;202203;2022-03-01 00:00:00;17;9.9417E+11
718;202203;2022-03-01 00:00:00;19;3.80822E+12
719;202204;2022-04-01 00:00:00;14;3.20913E+11
720;202204;2022-04-01 00:00:00;24;6.03101E+12
721;202204;2022-04-01 00:00:00;3;3.57541E+12
722;202204;2022-04-01 00:00:00;10;1.04952E+12
723;202204;2022-04-01 00:00:00;13;9.93512E+11
724;202204;2022-04-01 00:00:00;21;2.34719E+11
725;202204;2022-04-01 00:00:00;20;5.1364E+11
726;202204;2022-04-01 00:00:00;19;3.88931E+12
727;202204;2022-04-01 00:00:00;5;3.89134E+11
728;202204;2022-04-01 00:00:00;8;3.53967E+12
729;202204;2022-04-01 00:00:00;15;5.93099E+12
730;202204;2022-04-01 00:00:00;16;1.27081E+11
731;202204;2022-04-01 00:00:00;6;9.28884E+11
732;202204;2022-04-01 00:00:00;18;5.78734E+12
733;202204;2022-04-01 00:00:00;11;22918419225
734;202204;2022-04-01 00:00:00;23;96634804736
735;202204;2022-04-01 00:00:00;17;1.01363E+12
736;202205;2022-05-01 00:00:00;24;6.12817E+12
737;202205;2022-05-01 00:00:00;20;5.21041E+11
738;202205;2022-05-01 00:00:00;10;1.06625E+12
739;202205;2022-05-01 00:00:00;18;5.91291E+12
740;202205;2022-05-01 00:00:00;23;99055941294
741;202205;2022-05-01 00:00:00;15;5.95581E+12
742;202205;2022-05-01 00:00:00;13;1.04255E+12
743;202205;2022-05-01 00:00:00;14;3.25767E+11
744;202205;2022-05-01 00:00:00;11;22704610670
745;202205;2022-05-01 00:00:00;8;3.5961E+12
746;202205;2022-05-01 00:00:00;5;3.93529E+11
747;202205;2022-05-01 00:00:00;21;2.35897E+11
748;202205;2022-05-01 00:00:00;19;3.94742E+12
749;202205;2022-05-01 00:00:00;3;3.61908E+12
750;202205;2022-05-01 00:00:00;16;1.28128E+11
751;202205;2022-05-01 00:00:00;6;9.13219E+11
752;202205;2022-05-01 00:00:00;17;1.02138E+12
753;202206;2022-06-01 00:00:00;17;1.01559E+12
754;202206;2022-06-01 00:00:00;18;5.9957E+12
755;202206;2022-06-01 00:00:00;11;22594420570
756;202206;2022-06-01 00:00:00;21;2.36555E+11
757;202206;2022-06-01 00:00:00;8;3.57891E+12
758;202206;2022-06-01 00:00:00;3;3.63317E+12
759;202206;2022-06-01 00:00:00;20;5.24594E+11
760;202206;2022-06-01 00:00:00;5;3.97761E+11
761;202206;2022-06-01 00:00:00;6;9.19781E+11
762;202206;2022-06-01 00:00:00;23;1.0006E+11
763;202206;2022-06-01 00:00:00;24;6.21406E+12
764;202206;2022-06-01 00:00:00;15;6.1018E+12
765;202206;2022-06-01 00:00:00;16;1.28319E+11
766;202206;2022-06-01 00:00:00;13;1.05312E+12
767;202206;2022-06-01 00:00:00;10;1.07628E+12
768;202206;2022-06-01 00:00:00;19;3.98989E+12
769;202206;2022-06-01 00:00:00;14;3.33937E+11
770;202207;2022-07-01 00:00:00;8;3.60716E+12
771;202207;2022-07-01 00:00:00;16;1.28254E+11
772;202207;2022-07-01 00:00:00;18;6.01803E+12
773;202207;2022-07-01 00:00:00;19;3.95611E+12
774;202207;2022-07-01 00:00:00;13;1.05882E+12
775;202207;2022-07-01 00:00:00;21;2.38922E+11
776;202207;2022-07-01 00:00:00;5;3.96422E+11
777;202207;2022-07-01 00:00:00;6;9.26515E+11
778;202207;2022-07-01 00:00:00;17;1.02684E+12
779;202207;2022-07-01 00:00:00;3;3.65046E+12
780;202207;2022-07-01 00:00:00;11;22269495652
781;202207;2022-07-01 00:00:00;20;5.26312E+11
782;202207;2022-07-01 00:00:00;23;1.02344E+11
783;202207;2022-07-01 00:00:00;24;6.10543E+12
784;202207;2022-07-01 00:00:00;14;3.41908E+11
785;202207;2022-07-01 00:00:00;10;1.08707E+12
786;202207;2022-07-01 00:00:00;15;6.0594E+12
787;202208;2022-08-01 00:00:00;13;1.07936E+12
788;202208;2022-08-01 00:00:00;20;5.3312E+11
789;202208;2022-08-01 00:00:00;10;1.10407E+12
790;202208;2022-08-01 00:00:00;23;1.02255E+11
791;202208;2022-08-01 00:00:00;11;22167908966
792;202208;2022-08-01 00:00:00;5;4.07408E+11
793;202208;2022-08-01 00:00:00;16;1.28867E+11
794;202208;2022-08-01 00:00:00;6;9.3158E+11
795;202208;2022-08-01 00:00:00;21;2.3696E+11
796;202208;2022-08-01 00:00:00;18;6.17589E+12
797;202208;2022-08-01 00:00:00;24;6.31818E+12
798;202208;2022-08-01 00:00:00;8;3.78977E+12
799;202208;2022-08-01 00:00:00;14;3.4361E+11
800;202208;2022-08-01 00:00:00;3;3.69902E+12
801;202208;2022-08-01 00:00:00;19;4.00861E+12
802;202208;2022-08-01 00:00:00;15;6.14572E+12
803;202208;2022-08-01 00:00:00;17;1.02092E+12
